セッションID,協力者ID,会話ID,会話概要,形式,場所,活動,話者間の関係性,収録年,会話時間,話者数,コア,備考,split,,,,,,
C001_002,C001,C001_002,友人宅で友人と雑談,雑談,室内_友人知人宅,休息,友人知人,2016年,17,2,0,会話[C001_001]のあと、協力者は友人の家に泊まり、起床後に会話。友人の趣味であるトライアスロンや使用する用具、ルールなどについて話している。,,,,split数,割合,split時間,
C001_003,C001,C001_003,自宅で友人に仕事について相談,用談・相談,自宅,休息,友人知人,2016年,46,2,0,友人は協力者の自宅に泊まりに来た。友人がスイーツ好きであることから、協力者が仕事で行なっている地方の特産品を使った主にスイーツを中心とする商品開発について相談している。,,,train,211,80.2%,4556,85.0%
C001_004,C001,C001_004,飲食店で同僚と飲みながら,雑談,公共商業施設_飲食店,食事・付き合い,同僚,2016年,17,2,0,2人は同じ仕事に就いたばかりで仲がよい。タイムトラベルをしたとされる人物や政治資金などについて話している。,,,valid,13,4.9%,157,2.9%
C001_005,C001,C001_005,実家近くで母と散歩しながら,雑談,屋外,移動,家族,2016年,17,2,0,実家を訪れた際、母と友人宅まで散歩。母は草花に詳しく、道端で見つけた草花を協力者に説明している。,test,,test,39,14.8%,646,12.1%
C001_006,C001,C001_006,実家近くで母と散歩しながら,雑談,屋外,移動,家族,2016年,18,2,0,会話[C001_005]の友人宅からの帰り道の会話。結局、訪問した友人はおらず、そのまま帰る。道端で見つけた草花に関連することなどを話している。途中、近所に住む知人宅の犬に会いにいく。,,,total,263,,5359,
C001_012,C001,C001_012,同僚宅で同僚と夕食を取りながら,雑談,室内_友人知人宅,食事・付き合い,同僚,2016年,39,2,1,2人は同じ仕事に就いたばかりで仲がよい。共通の知人である職場関係の人や、歴史上の人物、手作り石鹸などについて話している。,,,,,,,
C001_013,C001,C001_013,同僚宅で同僚と飲みながら,雑談,室内_友人知人宅,付き合い,同僚,2016年,34,2,0,2人は同じ仕事に就いたばかりで仲がよい。会話[C001_012]の食事のあとに飲みながら。前半では勤め先の同僚について、関連組織に所属する人たちについて話している。,,,,,,,
C002_003,C002,C002_003,自宅で配偶者とテレビを見ながら朝食,雑談,自宅,食事,家族,2017年,9,2,1,夫が仕事に行く前に自宅のリビングでテレビを見ながら朝食。今日の予定や食事などについて。,,,,,,,
C002_004,C002,C002_004,自宅で息子とお茶をしながら,雑談,自宅,休息,家族,2017年,20,2,0,食べているお菓子の話や息子のアルバイトの話など。,,,,,,,
C002_005,C002,C002_005,配偶者と車で移動中,雑談,交通機関_車,移動,家族,2017年,11,2,0,知人との待ち合わせのために夫と車で移動しながら知人のことなどについて雑談。,test,,,,,,
C002_008,C002,C002_008,買い物のため息子と車で移動中,雑談,交通機関_車,移動,家族,2017年,20,2,1,買い物のために息子が運転する車で移動。息子はよく両親のために車を運転する。,,,,,,,
C002_013,C002,C002_013a,福祉施設の部屋で母と雑談,雑談,公共商業施設_医療福祉施設,休息,家族,2017年,17,2,1,福祉施設にいる母を訪問。協力者や協力者の姉がよく訪問する。施設での生活の話や家族の話など。,,,,,,,
C002_013,C002,C002_013b,福祉施設の部屋で母と雑談,雑談,公共商業施設_医療福祉施設,休息,家族,2017年,12,2,0,福祉施設にいる母を訪問。協力者や協力者の姉がよく訪問する。施設での生活の話や家族の話など。,test,,,,,,
C002_016,C002,C002_016,飲食店で姉と昼食を取りながら,雑談,公共商業施設_飲食店,食事,家族,2017年,46,2,0,姉とはよく会って話す仲。お互いの子どもの話など。2人には同じ大学に通う年の近い息子がいる。,,,,,,,
K001_004,K001,K001_004,飲食店で友人と雑談,雑談,公共商業施設_飲食店,付き合い,友人知人,2016年,17,2,0,昔の同僚で今も仲がよくプライベートでも付き合いのある元同僚(先輩)とお茶をしながら雑談。お互いの誕生日のエピソードや整理整頓などについて話している。,,,,,,,
K001_008,K001,K001_008,飲食店で姉とお茶をしながら,雑談,公共商業施設_飲食店,食事・付き合い,家族,2016年,19,2,1,2人はこの直前に同じ美容院に行ってきたところで、その帰りにカフェに寄った。協力者が数ヶ月前に行った海外旅行のことなどを話している。,,,,,,,
K001_009,K001,K001_009,友人と散歩しながら,雑談,屋外,移動・レジャー活動,友人知人,2016年,10,2,0,元同僚の子どもをベビーカーに乗せて、散歩しながら雑談。2人の元勤務先やそこでの同僚について、また子どもについて話している。,test,,,,,,
K001_010,K001,K001_010,飲食店で友人と夕食を取りながら,雑談,公共商業施設_飲食店,食事・付き合い,友人知人,2016年,27,2,0,仲のよい同僚と、職場や食について話している。同僚は食に関する仕事をしている。,,,,,,,
K001_011,K001,K001_011,自宅で友人と電話で旅行の相談,用談・相談,自宅,その他,友人知人,2016年,24,2,0,一緒に行く旅行に関する相談をするために、協力者が元同僚の友人に電話をかけた。2人は毎年長期休暇の際に一緒に旅行をしており、ここでは今年の旅行について相談している。この会話より前に話した際、旅行先などの希望についてお互い考えておくことを軽く約束していた。,,,,,,,
K001_014,K001,K001_014,飲食店で友人と旅行の相談,用談・相談,公共商業施設_飲食店,食事・その他,友人知人,2016年,51,2,1,友人はプライベートでも仲のよい元同僚。毎年一緒に行っている旅行について、主に宿泊先を相談している。これ以前にも電話などで旅行の相談を行なっている(会話[K001_011]はその1つ)。,,,,,,,
K001_017,K001,K001_017,飲食店で後輩と夕食を取りながら,雑談,公共商業施設_飲食店,食事・付き合い,友人知人,2016年,34,2,0,収録の前の一年間、同じ職場で働いていた後輩で、今は別の職場となった。互いの近況報告や仕事について話している。,,,,,,,
K001_019,K001,K001_019,自宅で妹と電話で雑談,雑談,自宅,休息,家族,2016年,21,2,0,近々行く予定の旅行や仕事のこと、帰省の予定などについてとりとめもなく話している。,,,,,,,
K002_003,K002,K002_003a,自営店舗で知人からマッサージを受けながら,雑談,職場,仕事・身の周りの用事,友人知人,2016年,12,2,1,リフレクソロジーの資格取得のために、マッサージの実施とそのレポート作成が課題となっている知人が、協力者の店舗を訪れ、そこで協力者にマッサージを施しながら雑談をしている。,test,,,,,,
K002_003,K002,K002_003b,自営店舗で知人からマッサージを受けながら,雑談,職場,仕事・身の周りの用事,友人知人,2016年,24,2,0,リフレクソロジーの資格取得のために、マッサージの実施とそのレポート作成が課題となっている知人が、協力者の店舗を訪れ、そこで協力者にマッサージを施しながら雑談をしている。,,,,,,,
K002_004,K002,K002_004,自営店舗で仕事関係者と仕事の打合せ,用談・相談,職場,仕事,仕事関係,2016年,17,2,0,仕事関係者(IC02)はアクセサリーを作っており、協力者の店舗（レンタルスペース）で委託販売を始めた。今回が初めて。販売当日、協力者の店舗で、値段の設定や今後の展開などについて打合せをしている。,,,,,,,
K002_007,K002,K002_007,自宅で娘とスケジュールを確認しながら,用談・相談,自宅,家事雑事,家族,2016年,29,2,0,食事の準備や小学生の息子の塾の送り迎えなどのこともあり、普段から娘のスケジュールを確認している。,,,,,,,
K002_010,K002,K002_010,飲食店で友人と仕事の打合せ,用談・相談,公共商業施設_飲食店,食事・仕事,友人知人,2016年,34,2,0,事業を行なっている友人と、今後何か新しいことができないかを、協力者の店舗で食事しながら相談している。,,,,,,,
K002_012,K002,K002_012,自営店舗で友人と雑談,雑談,職場,付き合い,友人知人,2016年,23,2,0,友人は仲がよく、よく遊びに来て雑談する。お互いの子どもや最近の出来事、共通の知人のことなどについて話している。途中で協力者の息子が学校から戻ってきて少し会話に加わる。友人と息子は顔馴染み。,,,,,,,
K002_016,K002,K002_016,宿泊施設のロビーで友人と雑談,雑談,公共商業施設_宿泊施設,休息,友人知人,2016年,27,2,0,夏期休暇で家族や友人と旅行中。この宿泊施設には何度か来ている。宿泊施設のロビーで、休憩しながら友人と2人でおしゃべりしている。2人ともハワイに何度も旅行した経験があり、主としてハワイについて語っている。,test,,,,,,
K003_002,K003,K003_002a,大学で友人と卒業論文の実験の準備,用談・相談,学校,学業,友人知人,2016年,14,2,0,卒業論文の実験の準備。幼児の人形に絵本の読み聞かせをする際に、幼児が笑うなどの反応を示す場合と無反応の場合で、読み聞かせをする大人の対応にどのような差があるかを調べるというもの。幼児の反応として笑い声や喃語などどのようなものがよいかを検討。ゼミの先生に実験の様子を伝えるため、友達にデモ撮影に協力してもらう。実際に絵本を読み聞かせている部分をカットしているため会話が4つ(a/b/c/d)に分かれている。,,,,,,,
K003_002,K003,K003_002b,大学で友人と卒業論文の実験の準備,用談・相談,学校,学業,友人知人,2016年,2,2,0,卒業論文の実験の準備。幼児の人形に絵本の読み聞かせをする際に、幼児が笑うなどの反応を示す場合と無反応の場合で、読み聞かせをする大人の対応にどのような差があるかを調べるというもの。幼児の反応として笑い声や喃語などどのようなものがよいかを検討。ゼミの先生に実験の様子を伝えるため、友達にデモ撮影に協力してもらう。実際に絵本を読み聞かせている部分をカットしているため会話が4つ(a/b/c/d)に分かれている。,,,,,,,
K003_002,K003,K003_002c,大学で友人と卒業論文の実験の準備,用談・相談,学校,学業,友人知人,2016年,13,2,0,卒業論文の実験の準備。幼児の人形に絵本の読み聞かせをする際に、幼児が笑うなどの反応を示す場合と無反応の場合で、読み聞かせをする大人の対応にどのような差があるかを調べるというもの。幼児の反応として笑い声や喃語などどのようなものがよいかを検討。ゼミの先生に実験の様子を伝えるため、友達にデモ撮影に協力してもらう。実際に絵本を読み聞かせている部分をカットしているため会話が4つ(a/b/c/d)に分かれている。,,,,,,,
K003_002,K003,K003_002d,大学で友人と卒業論文の実験の準備,用談・相談,学校,学業,友人知人,2016年,5,2,0,卒業論文の実験の準備。幼児の人形に絵本の読み聞かせをする際に、幼児が笑うなどの反応を示す場合と無反応の場合で、読み聞かせをする大人の対応にどのような差があるかを調べるというもの。幼児の反応として笑い声や喃語などどのようなものがよいかを検討。ゼミの先生に実験の様子を伝えるため、友達にデモ撮影に協力してもらう。実際に絵本を読み聞かせている部分をカットしているため会話が4つ(a/b/c/d)に分かれている。,,,,,,,
K003_003,K003,K003_003,母の店舗で母と店番をしながら,雑談,職場,休息,家族,2016年,21,2,0,母が経営する店舗で母と会話。母が腰掛けている正面の机はトールペイントの作業台。母の友人の依頼による表札や、この店舗用のドアプレートなどについて話している。,,,,,,,
K003_005,K003,K003_005,花火大会の会場で友人と雑談,用談・相談,屋外,レジャー活動,友人知人,2016年,52,2,0,花火大会の会場で花火が始まる前に話している。2人とも大学4年生。友人が就職について悩んでおり協力者が相談に乗っている。,,,,,,,
K003_006,K003,K003_006,大学で友人と実験計画について相談,用談・相談,学校,食事・学業,友人知人,2016年,20,2,1,協力者と友人は幼児に対する絵本の読み聞かせの対応差を見るという、共通した課題を卒論のテーマとしており、相談したり一緒に作業することがある。友人の実験は、聞き手の役を実際の幼児とし、聞き手の幼児が1名の場合と2名の場合で比較、あるいは聞き手の幼児が3歳の場合と5歳の場合で比較するというもの。まだ決めかねている。,test,,,,,,
K003_008,K003,K003_008,飲食店で友人とお茶をしながら,雑談,公共商業施設_飲食店,付き合い,友人知人,2016年,22,2,0,高校時代の仲のよい友達とお茶しながらおしゃべり。2人とも虫歯で、その話で盛り上がっている。虫歯治療が終わったあとにしたいことや、高校時代の友人のことなどについて話している。,,,,,,,
K003_012,K003,K003_012a,飲食店で友人と夕食を取りながら,雑談,公共商業施設_飲食店,食事・付き合い,友人知人,2016年,12,2,0,高校時代の友人と野球観戦に行く予定だったが天候不順のため中止となりレストランで食事をすることとなった。野球の話や高校時代の話など。,,,,,,,
K003_012,K003,K003_012b,飲食店で友人と夕食を取りながら,雑談,公共商業施設_飲食店,食事・付き合い,友人知人,2016年,32,2,0,高校時代の友人と野球観戦に行く予定だったが天候不順のため中止となりレストランで食事をすることとなった。野球の話や高校時代の話など。,,,,,,,
K003_017,K003,K003_017,大学で友人と卒業論文の実験の準備,用談・相談,学校,学業,友人知人,2016年,20,2,0,協力者と友人は幼児に対する絵本の読み聞かせの対応差を見るという共通した課題を卒論のテーマとしており、一緒に実験の準備を進めている。作業中は雑談も多い。,,,,,,,
K004_001,K004,K004_001,自宅で母にお礼の電話,雑談,自宅,付き合い,家族,2017年,27,2,0,新潟に住む実家の母が送ってくれた洋服が届いたため、そのお礼に電話をかけた。お互いの近況報告など。,,,,,,,
K004_007,K004,K004_007,自宅で息子と椅子の座面の貼り替え,用談・相談,自宅,家事雑事,家族,2017年,44,2,0,自宅のリビングで、ダイニングテーブルの椅子の座面を貼り替える作業を長男と一緒に行っている。作業(布を切る・それを椅子にはってクギを打つ、など)は適宜分担しながら進めている。長男は家事雑事をよく手伝っている。,test,,,,,,
K004_011,K004,K004_011,自宅で息子とお菓子作り,用談・相談,自宅,家事雑事,家族,2017年,35,2,1,自宅のリビングで三男と新しい料理本を見ながらガトーショコラを作る。三男は甘いものが好きでお菓子作りを一緒にやることがある。,,,,,,,
K005_002,K005,K005_002,自宅で友人と料理をしながら,雑談,自宅,家事雑事,友人知人,2017年,19,2,0,友人とは、関わりのある福祉作業所を通じての十年来の付き合いがあり、頻繁に合っている。日本酒を飲みながら夕食のパスタを作り、作業所でのことなどを話している。,,,,,,,
K005_005,K005,K005_005,イベントスペースで友人にほうとう作りの相談,用談・相談,職場,その他,友人知人,2017年,15,2,0,仕事で働いているイベントスペースで友人がほうとう屋を出店している。協力者は自宅の教室で子どもたちに勉強を教える時にほうとうを一緒に作ることを考え、休み時間に、友人からほうとうの作り方を教えてもらっている。,,,,,,,
K005_006,K005,K005_006,福祉施設の部屋で祖母と昼食を取りながら,雑談,公共商業施設_医療福祉施設,食事,家族,2017年,23,2,0,母方の祖母をグループホームに訪ねて一緒に昼食をとっている。協力者が訪ねて来ることが伝わっておらず、祖母は先に昼食を食べてしまっていた。協力者が昼食の購入場所を迷った経緯や、母(祖母の娘)の買い物について話している。,,,,,,,
K005_016,K005,K005_016,自宅で友人と昼食について相談,用談・相談,自宅,その他,友人知人,2017年,19,2,0,自宅に泊まった大学時代の友人と朝食を食べた後、ランチを食べる場所について相談している。ランチには友人の交際相手も合流することになっている。,,,,,,,
K005_019,K005,K005_019a,実家でおじと電話で雑談,雑談,室内_実家,付き合い,親戚,2017年,1,2,0,会話aでは、おじ(父の弟)に電話をかけ、お土産のお礼を伝えている。一旦電話を切った後、会話bでは、おじから電話をもらい、北海道の様々な話や旅行について話をしている。,,,,,,,
K005_019,K005,K005_019b,実家でおじと電話で雑談,雑談,室内_実家,付き合い,親戚,2017年,12,2,0,会話aでは、おじ(父の弟)に電話をかけ、お土産のお礼を伝えている。一旦電話を切った後、会話bでは、おじから電話をもらい、北海道の様々な話や旅行について話をしている。,test,,,,,,
K005_020,K005,K005_020,実家で父とワークショップの準備をしながら,用談・相談,室内_実家,仕事・その他,家族,2017年,28,2,0,染めものワークショップの準備を実家で父に手伝ってもらっている。ガーランドを作るための生地をハサミで切っている。布用ハサミでないためにうまく切れないことや、この布をいくらで販売するかなどについて話している。,,,,,,,
K005_027,K005,K005_027,友人宅でパタンナーの友人にヘアバンド製作の相談,用談・相談,室内_友人知人宅,その他,仕事関係,2017年,44,2,0,以前にもヘアバンド(ターバン)の製作を依頼した友人に、新しい素材での製作について相談している。,,,,,,,
K005_028,K005,K005_028,味噌工房で友人と味噌作りをしながら,雑談,職場_相手の職場,付き合い・仕事,友人知人,2017年,28,2,0,味噌屋を営む友人の工房で味噌作りを手伝いながら、雑談したり、今後の活動について話をしている。,,,,,,,
K005_031,K005,K005_031,福祉作業所で友人と雑談,雑談,職場_相手の職場,付き合い,友人知人,2017年,6,2,0,付き合いのある福祉作業所でスタッフである友人と近況報告。,,,,,,,
K005_033,K005,K005_033,自宅で友人と電話で品物受け渡しの相談,用談・相談,自宅,仕事,友人知人,2017年,11,2,0,味噌屋の友人とお互いの商品の受け渡しについて相談している。友人は同じイベントに出品する協力者に商品(麹)を託し、協力者は台湾にいく友人に商品を託す。,test,,,,,,
K006_002,K006,K006_002a,自宅で配偶者と朝食を取りながら,雑談,自宅,食事,家族,2017年,6,2,0,会話aでは、東京の百貨店の話やそこで見たアーティストの話など、会話bでは、一日の予定などが話されている。会話bの最後の方では、結婚して独立した娘から電話がかかって来る。,,,,,,,
K006_002,K006,K006_002b,自宅で配偶者と朝食を取りながら,雑談,自宅,食事,家族,2017年,5,2,0,会話aでは、東京の百貨店の話やそこで見たアーティストの話など、会話bでは、一日の予定などが話されている。会話bの最後の方では、結婚して独立した娘から電話がかかって来る。,,,,,,,
K006_003,K006,K006_003a,自宅で配偶者と夕食を取りながら,雑談,自宅,食事,家族,2017年,4,2,0,夫の実家の初盆の話や観葉植物の話、食べ物の話など。,,,,,,,
K006_003,K006,K006_003b,自宅で配偶者と夕食を取りながら,雑談,自宅,食事,家族,2017年,16,2,0,夫の実家の初盆の話や観葉植物の話、食べ物の話など。,,,,,,,
K006_006,K006,K006_006,配偶者と車で移動中,雑談,交通機関_車,移動,家族,2017年,7,2,0,夫とショッピングのため車で移動中。道路の渋滞の話、昔のペットがかかった病気の話など。,,,,,,,
K006_009,K006,K006_009,自宅スクールで仕事関係者とお茶をしながら,雑談,職場,食事・付き合い,仕事関係,2017年,20,2,0,知人は仕事関係の人で、仕事で来たおりに雑談になった。知人は書家で協力者も書に関心があることから、知人がやっている縄文文字についていろいろと聞いている。,,,,,,,
K006_011,K006,K006_011,レンタルスペースで娘と仕事の相談,用談・相談,職場,仕事,家族,2017年,9,2,0,娘は協力者の仕事のお手伝いをすることがあり、今日は仕事場で借りているレンタルスペースで支払いやその他の日程などについて相談している。客が入ってきたところで終わり。,test,,,,,,
K006_013,K006,K006_013,海岸で配偶者と犬の散歩をしながら,雑談,屋外,家事雑事・移動,家族,2017年,10,2,0,海岸に来て夫と一緒にペットの犬(うみちゃん)の散歩をしながら雑談。,,,,,,,
K006_016,K006,K006_016,自宅で友人と電話で出産祝いについて相談,用談・相談,自宅,付き合い,友人知人,2017年,25,2,0,大阪の幼馴染みが知人の出産祝いを何にしたらいいか、協力者に相談している。,,,,,,,
K006_018,K006,K006_018,自宅スクールで仕事関係者とお茶をしながら,雑談,職場,付き合い,仕事関係,2017年,23,2,0,ペットに関わる協力者の仕事のお手伝いをしている獣医の先生で、仕事関係の情報交換やお互いのペットのことなどについて話している。,,,,,,,
K006_020,K006,K006_020,自宅スクールで生徒である友人と講座について相談,用談・相談,職場,仕事,先生生徒,2017年,28,2,0,スクールの生徒である友人と久しぶりに再会。共に今後企画する講座について、雑談や協力者の経験談なども交えながら、相談している。,test,,,,,,
K006_023,K006,K006_023,自宅で友人とお茶をしながら,雑談,自宅,付き合い,友人知人,2017年,30,2,0,友人は勉強仲間で、大阪から遊びに来た。協力者の家にいる犬の話や、友人の手土産の話、大阪の地下鉄延伸の話などをしている。,,,,,,,
K007_001,K007,K007_001,飲食店で友人にグッズ制作の相談,用談・相談,公共商業施設_飲食店,食事・付き合い,友人知人,2017年,16,2,0,久々に会った高校時代からの友人とファミレスで話している。気になるゲームなどの話題のほか、協力者が主導するプロジェクトでの販売グッズの制作を友人に依頼しており、グッズの特徴などについて相談している。,,,,,,,
K007_005,K007,K007_005,大学で新人の同僚に業務の説明,用談・相談,職場,仕事,同僚,2017年,10,2,0,新人の同僚はもともと友人である。勤務先の大学で、ログインの方法やメールの扱いなどについて説明している。,test,,,,,,
K007_006,K007,K007_006,自宅で恋人と洗濯物をたたみながら,雑談,自宅,家事雑事,友人知人,2017年,8,2,0,同居している恋人と一緒に洗濯物をたたみながら仕事中の出来事などを話している。,,,,,,,
K007_007,K007,K007_007,大学で新人の同僚と授業企画の打合せ,会議・会合,職場,仕事,同僚,2017年,41,2,0,勤務先の大学で特色ある授業(学生が主体となり何を学ぶかを自らで考え、評価方法も自分で決める)を実施するために、初回授業をどのような流れで進めるかを、もともと友人である新人の同僚と、打合せている。,,,,,,,
K007_008,K007,K007_008,自宅で友人と共同プロジェクトの相談,用談・相談,自宅,仕事,仕事関係,2017年,28,2,0,2人は美術館の依頼を受け、ある高校の美術部員に向けたワークショップを担当することになっており、その内容を相談している。ワークショップは部活の合宿中に組み込まれており、ここで部員たちは映像作品の制作を行なう。この部員たちの活動を何らかの形で素材とし、協力者たちもプロジェクトとしても何らかの作品を作ろうと考えている。,,,,,,,
K007_013,K007,K007_013,自宅で恋人と部屋を片付けながら,雑談,自宅,家事雑事,友人知人,2017年,15,2,0,自分たちが関わっている展示に関する評価や考え方などについて部屋を片付けながら話している。,,,,,,,
K007_014,K007,K007_014,自宅で恋人と料理しながら,雑談,自宅,家事雑事,友人知人,2017年,10,2,0,恋人と一緒に梨を剥きながら調理器具などについて話している。,test,,,,,,
K007_015,K007,K007_015,自宅で恋人と料理および夕食,雑談,自宅,食事・家事雑事,友人知人,2017年,61,2,0,前半は台所で調理作業を、後半は居間に移動してでき上がった料理を食べている。調理の方法や共通の知人、味の評価についてなどを話している。,,,,,,,
K007_016,K007,K007_016,大学で同僚と雑談,雑談,職場,休息,同僚,2017年,18,2,0,同じ勤務先の別部署に勤める同期の同僚と休憩中に雑談している。近況を交えながら芸術に関する活動における立ち位置や作品の見せ方などについて話している。,,,,,,,
K007_017,K007,K007_017,自宅で恋人とテーブルゲームをしながら,雑談,自宅,レジャー活動,友人知人,2017年,23,2,0,恋人と2人でゲーム(ジェンガ)の対戦をしている。,,,,,,,
K007_020,K007,K007_020,大学で学生から仕事の相談,用談・相談,職場,仕事・学業,先生生徒,2017年,25,2,0,勤務先の大学で協力者の仕事に興味がある学生に自身の仕事を説明するなどして相談に乗っている。,,,,,,,
K008_003,K008,K008_003,自宅で配偶者と夕食を取りながら,雑談,自宅,食事,家族,2017年,8,2,0,食事について話している。,,,,,,,
K008_004,K008,K008_004a,美容院で美容師と雑談,雑談,公共商業施設_商業施設,仕事・身の周りの用事,サービス場面関係,2017年,3,2,0,3、4年前から切ってもらっている美容師。髪について、仕事のこと、ラジオ講座で英語を勉強していること、音楽のこと、服装のことなどを話している。,,,,,,,
K008_004,K008,K008_004b,美容院で美容師と雑談,雑談,公共商業施設_商業施設,仕事・身の周りの用事,サービス場面関係,2017年,55,2,0,3、4年前から切ってもらっている美容師。髪について、仕事のこと、ラジオ講座で英語を勉強していること、音楽のこと、服装のことなどを話している。,,,,,,,
K008_005,K008,K008_005,実家で母と料理,雑談,室内_実家,家事雑事,家族,2017年,26,2,0,母と一緒に夕食の準備をしながら、料理の手順や仕事のことなどについて話している。後半で父が卓上ガスコンロを取り出すために登場する。,,,,,,,
K008_010,K008,K008_010,飲食店で友人と昼食を取りながら,雑談,公共商業施設_飲食店,食事・付き合い,友人知人,2017年,20,2,0,同業者(通訳)で長い付き合いの親友。よく話す機会があり、この日はレストランで忘年会ランチをしている。親友のマラソンの話や海外から来る知人に東京を案内することなどを話している。,,,,,,,
K008_013,K008,K008_013,近所の神社で配偶者と初詣,雑談,屋外,移動・レジャー活動,家族,2018年,18,2,0,夫婦で参拝し神社の境内を見学。樹木や建造物のことを話したり甘酒を飲んだりしている。,test,,,,,,
K008_015,K008,K008_015,飲食店で知人と昼食を取りながら,雑談,公共商業施設_飲食店,食事・付き合い,友人知人,2018年,57,2,0,近所に住む仲のいい知人とファミレスでおしゃべり。親戚のことや、TV番組で見た皇室のこと、蕎麦のこと、コーヒーやケーキのことなど。どちらかがドリンクバーに行く時はお互い1人になり、独り言を言っている。,,,,,,,
K008_016,K008,K008_016,飲食店で友人と昼食を取りながら,雑談,公共商業施設_飲食店,食事・付き合い,友人知人,2018年,62,2,0,長い付き合いの友人とカフェでおしゃべり。共通の知人の話題や友人の家族の話、協力者の留学時代の友人の話、仕事の話題、充電期間にやることなどを話している。,,,,,,,
K009_007,K009,K009_007,飲食店で友人と昼食後に雑談,雑談,公共商業施設_飲食店,付き合い,友人知人,2018年,10,2,0,カフェで大学時代の一番仲のよい友人と近況を報告したり、友人のことを話している。,test,,,,,,
K010_005,K010,K010_005a,店舗で知人にビジネスの相談,用談・相談,職場_相手の職場,仕事,友人知人,2018年,21,2,0,長年の知人。会話aでは、病気の友人のための発酵飲料のことなどについて話している。会話bでは、お茶の世界やブランド食材についての雑談や協力者が検討している物件についての相談などが行なわれている。,,,,,,,
K010_005,K010,K010_005b,店舗で知人にビジネスの相談,用談・相談,職場_相手の職場,仕事,友人知人,2018年,20,2,0,長年の知人。会話aでは、病気の友人のための発酵飲料のことなどについて話している。会話bでは、お茶の世界やブランド食材についての雑談や協力者が検討している物件についての相談などが行なわれている。,,,,,,,
K010_006,K010,K010_006,飲食店で友人と雑談,雑談,公共商業施設_飲食店,付き合い,友人知人,2018年,10,2,0,長年の知人と久しぶりの再会でファミレスで近況報告をしている。共通の友人のことや、今日の予定、昔の思い出、友人が所有しているアパートのことなどを話している。,valid,,,,,,
K010_008,K010,K010_008,オフィスで弟に保証人の依頼,用談・相談,職場_相手の職場,家事雑事,家族,2018年,8,2,0,住宅賃貸契約の更新に伴う連帯保証人の依頼をしている。弟とは2ヶ月に一回ぐらい会う。書類に記入してもらいながら、住宅に関することや、隣家の住人が知り合いの知り合いだったことなどを話している。,,,,,,,
K010_011,K010,K010_011b,店で友人たちと雑談,雑談,職場_相手の職場,付き合い,友人知人,2018年,7,2,0,昔からの友人の店で、協力者が検討している事業のことや、共通の知人の話題、昔の出来事などについて話している。途中、接客の場面があるため会話を2つに分割。,test,,,,,,
K010_013,K010,K010_013a,駐車場に止めた車内で友人と雑談,雑談,交通機関_車,付き合い,友人知人,2018年,14,2,0,30年来の友人と、共通の友人のことやその友人から持ちかけられている北海道での新しい事業のことなどを話している。,,,,,,,
K010_013,K010,K010_013b,駐車場に止めた車内で友人と雑談,雑談,交通機関_車,付き合い,友人知人,2018年,11,2,0,30年来の友人と、共通の友人のことやその友人から持ちかけられている北海道での新しい事業のことなどを話している。,,,,,,,
K010_017,K010,K010_017,家の近所で配偶者と犬の散歩をしながら,雑談,屋外,家事雑事・移動,家族,2018年,15,2,0,愛犬の様子を話したり、愛犬に話しかけたりしている。以前飼っていた犬のことも話題になっている。,,,,,,,
K011_005,K011,K011_005,カラオケボックスで友達の友達に爪磨きのレッスン,授業・レッスン,公共商業施設_商業施設,レジャー活動,サービス場面関係,2018年,64,2,0,2人は共通の友人を通じて知り合い、今回が初対面。協力者は、販売している爪磨きキットの使い方を、カラオケボックスやレンタルスペールなどで指導している。,,,,,,,
K011_009,K011,K011_009a,友人と車で移動中,雑談,交通機関_車,移動,友人知人,2018年,10,2,0,子どもが昔習っていた柔道のママ友と、一緒に帰宅する車の中での会話。ママ友は高校で司書をしていて、協力者に非常勤講師の職を紹介してくれた。会話aでは、授業のこと、高校生のこと、道路状況のことなどを話している。会話bでは、家族のこと、車の買い替えのこと、ブログのことなどを話している。,,,,,,,
K011_009,K011,K011_009b,友人と車で移動中,雑談,交通機関_車,移動,友人知人,2018年,11,2,0,子どもが昔習っていた柔道のママ友と、一緒に帰宅する車の中での会話。ママ友は高校で司書をしていて、協力者に非常勤講師の職を紹介してくれた。会話aでは、授業のこと、高校生のこと、道路状況のことなどを話している。会話bでは、家族のこと、車の買い替えのこと、ブログのことなどを話している。,test,,,,,,
K012_001,K012,K012_001,研究機関で知人と雑談,雑談,職場_相手の職場,付き合い,友人知人,2018年,16,2,0,友人の紹介で知り合った初対面の人との雑談。子育ての話で、子ども向け番組や息子が興味を持っている電車の動画についてなど。,,,,,,,
K012_002,K012,K012_002a,研究機関で友人と雑談,雑談,職場_相手の職場,付き合い,友人知人,2018年,4,2,0,大学の同窓生で同じ寮に住んでいた友人である。研究費の話(会話a)、保育の話(会話b)、大学時代の友人の話(会話c)、翻訳の話(会話d)。,,,,,,,
K012_002,K012,K012_002b,研究機関で友人と雑談,雑談,職場_相手の職場,付き合い,友人知人,2018年,10,2,0,大学の同窓生で同じ寮に住んでいた友人である。研究費の話(会話a)、保育の話(会話b)、大学時代の友人の話(会話c)、翻訳の話(会話d)。,,,,,,,
K012_002,K012,K012_002c,研究機関で友人と雑談,雑談,職場_相手の職場,付き合い,友人知人,2018年,14,2,0,大学の同窓生で同じ寮に住んでいた友人である。研究費の話(会話a)、保育の話(会話b)、大学時代の友人の話(会話c)、翻訳の話(会話d)。,,,,,,,
K012_002,K012,K012_002d,研究機関で友人と雑談,雑談,職場_相手の職場,付き合い,友人知人,2018年,10,2,0,大学の同窓生で同じ寮に住んでいた友人である。研究費の話(会話a)、保育の話(会話b)、大学時代の友人の話(会話c)、翻訳の話(会話d)。,,,,,,,
K012_003,K012,K012_003a,自宅で息子と遊び配偶者と雑談,雑談,自宅,家事雑事・レジャー活動,家族,2018年,2,2,0,息子に保育園のことを聞いたり(会話a)、おもちゃの乗り物の話をしたりしている(会話b)。妻は会話cからの参加で、昼食をどうするかなどについて話す。,,,,,,,
K012_003,K012,K012_003b,自宅で息子と遊び配偶者と雑談,雑談,自宅,家事雑事・レジャー活動,家族,2018年,2,2,0,息子に保育園のことを聞いたり(会話a)、おもちゃの乗り物の話をしたりしている(会話b)。妻は会話cからの参加で、昼食をどうするかなどについて話す。,,,,,,,
K012_006,K012,K012_006,自宅で息子と遊びながら,雑談,自宅,家事雑事・レジャー活動,家族,2019年,20,2,0,DVDを見ながらプラレールで遊んでいる。電車の話や本の話など。,test,,,,,,
K012_007,K012,K012_007a,自宅で息子と遊びながら,雑談,自宅,家事雑事・レジャー活動,家族,2019年,19,2,0,おもちゃで遊ぶ。プラレールで遊びながら電車の駅や路線の話をしたり(会話a、会話b)、車掌のアナウンスの真似をしたり(会話b)している。会話aでは息子の発話は(IC02)として転記しているが、会話bではICレコーダーを外しているため(N10A)として転記している。,,,,,,,
K013_004,K013,K013_004,恋人の家で恋人と夕食を取りながら,雑談,室内_友人知人宅,食事・付き合い,友人知人,2018年,26,2,0,協力者が昼に参加した結婚式の引出物としてもらったカタログギフトをどれにするか、昼間行ってきた結婚式のこと、招待状のこと、結婚式の進行についてなどについて話している。,,,,,,,
K013_012,K013,K013_012,自宅で恋人と旅行について相談,用談・相談,自宅,食事・その他,友人知人,2019年,29,2,0,九州旅行で観光する場所をパソコンを見ながら検討している。これまでに行ったことがあるところの話題や、様々な地名について話している。,,,,,,,
K013_017,K013,K013_017,恋人の家で恋人と旅行について相談,用談・相談,室内_友人知人宅,その他,友人知人,2019年,12,2,0,九州旅行で泊まる宿の駐車場のことや観光する場所について話している。東京のイタリアンのお店なども話題に。,test,,,,,,
K013_019,K013,K013_019,実家で祖母と雑談,雑談,室内_実家,休息,家族,2019年,31,2,0,実家の祖父母の部屋で九州旅行のお土産を祖母に渡している。これまでに旅行した日本各地のことや、まだ行ったことがない地域のことについてお互いに話している。,,,,,,,
S001_011,S001,S001_011,自宅で配偶者と料理をしながら,雑談,自宅,家事雑事,家族,2017年,50,2,0,この日の夕方に両親の家で両親・妹夫婦と一緒に、妻と義弟の誕生会があり、そのためにサモサを作っている。2人とも料理は上手だが結婚してからは主に妻が料理を担当している。会話の最後の方で妹に電話をし、まだ家におり料理中であることを伝える。,,,,,,,
S001_013,S001,S001_013,自宅で配偶者と家事雑事をしながら,雑談,自宅,家事雑事,家族,2017年,20,2,0,自宅で夕食前に、家事雑事をしている。協力者は以前経営していたカフェの確定申告の準備でレシートの整理をしている。妻は夕飯の献立を考えたあと料理をしながら会話をしている。,test,,,,,,
S002_005,S002,S002_005,飲食店で取引先の方と飲みながら,雑談,公共商業施設_飲食店,食事・付き合い,仕事関係,2017年,32,2,0,6年来の付き合いのある取引先の部長と初めて会食をしたあと2人でワインバーで二次会。仕事である出版関係の話を中心に語っている。,,,,,,,
S002_012,S002,S002_012,飲食店で友人と飲みながら,雑談,公共商業施設_飲食店,食事・付き合い,友人知人,2017年,26,2,0,趣味の音楽関係の友人で、よく会って食事する。,test,,,,,,
S002_014,S002,S002_014,友人宅で友人と飲みながら,雑談,室内_友人知人宅,食事・付き合い,友人知人,2017年,52,2,0,大学の同期で専科も同じ親しい友人が近所に住んでいることから遊びに行った。飲みながら、同窓会や同期の話、互いの近況、高校時代などについて話す。,,,,,,,
T001_002,T001,T001_002,自宅で配偶者と棚の組み立て,用談・相談,自宅,家事雑事,家族,2016年,54,2,0,組み立ての手順書を見ながら、3段のカラーボックスを妻と一緒に組み立てる。実働は協力者が主で、妻は手順書を見て指示したり組み立ての補佐をする。途中、組み立ての方法を間違えて戻る場面がある。,,,,,,,
T001_003,T001,T001_003,飲食店で元同僚と飲みながら,雑談,公共商業施設_飲食店,食事・付き合い,元同僚,2016年,61,2,0,元同僚の後輩から仕事上の相談を受けたあと、居酒屋に移動して食事しながら雑談。仲がよく、協力者が退職したあともたまに会っている。会話冒頭で「打席の話」とあるが、恋愛話のこと。,,,,,,,
T001_005,T001,T001_005,飲食店で後輩と夕食を取りながら,雑談,公共商業施設_飲食店,食事・付き合い,友人知人,2016年,10,2,0,大学時代の後輩と居酒屋で夕食。今後の仕事の展開についての話や、パートナー候補についての話など。,,,,,,,
T001_007,T001,T001_007,自宅で配偶者と母の日のプレゼント選び,用談・相談,自宅,家事雑事,家族,2016年,31,2,0,協力者の母のプレゼント選びだが、普段から妻が手配している。今回もいつものように妻がネットでプレゼントを選んでいる。協力者は仕事関連の資料を見ながら晩酌しつつ聞いている。,,,,,,,
T001_008,T001,T001_008,飲食店で元同僚と昼食後の雑談,雑談,公共商業施設_飲食店,付き合い,元同僚,2016年,15,2,0,元同僚の先輩とイタリアンレストランで昼食後にお茶をしながら。お互い同じ会社を退職して独立しているが、たまに会って情報交換をしている。,test,,,,,,
T001_015,T001,T001_015,飲食店で後輩と夕食を取りながら,雑談,公共商業施設_飲食店,食事・付き合い,友人知人,2016年,11,2,0,注文や好きな料理の話、職場の同僚の話など。,,,,,,,
T001_016,T001,T001_016,飲食店で元同僚と夕食を取りながら,雑談,公共商業施設_飲食店,食事・付き合い,元同僚,2016年,9,2,0,自分や同僚のキャリアアップや事業の今後についての話など。,,,,,,,
T002_011,T002,T002_011a,飲食店で友人とイベントの打合せ,用談・相談,公共商業施設_飲食店,仕事,友人知人,2016年,7,2,0,2人は共同で松本などで開催するイベントの企画をしており、イベントの日程などについて打合せをしている。2人は高校の同級生で、友人のヨガ教室に協力者が通うなど、仲がよく、よくこうしたイベントを共同で企画する。,,,,,,,
T002_011,T002,T002_011b,飲食店で友人とイベントの打合せ,用談・相談,公共商業施設_飲食店,仕事,友人知人,2016年,8,2,0,2人は共同で松本などで開催するイベントの企画をしており、イベントの日程などについて打合せをしている。2人は高校の同級生で、友人のヨガ教室に協力者が通うなど、仲がよく、よくこうしたイベントを共同で企画する。,valid,,,,,,
T002_011,T002,T002_011c,飲食店で友人とイベントの打合せ,用談・相談,公共商業施設_飲食店,仕事,友人知人,2016年,26,2,0,2人は共同で松本などで開催するイベントの企画をしており、イベントの日程などについて打合せをしている。2人は高校の同級生で、友人のヨガ教室に協力者が通うなど、仲がよく、よくこうしたイベントを共同で企画する。,,,,,,,
T002_012,T002,T002_012,飲食店で母と雑談,雑談,公共商業施設_飲食店,休息,家族,2016年,26,2,0,久しぶりに上京してきた母と会話。母が家に帰るため、バスを待つ間に喫茶店に入った。バスの時間に合わせて会話を切り上げる。,,,,,,,
T002_013,T002,T002_013,飲食店で仕事関係者と夕食および打合せ,用談・相談,公共商業施設_飲食店,食事・仕事,仕事関係,2016年,55,2,0,協力者がイベントを企画しており、それに(IC02)が華道の講師として参加する計画。その打合せを兼ねての食事会。相談しているのは、会話[T002_011]で話しているイベントの一つ。,,,,,,,
T002_015,T002,T002_015,飲食店で先輩と昼食を取りながら,雑談,公共商業施設_飲食店,食事・付き合い,友人知人,2016年,36,2,1,レストランで元職場の先輩と雑談。協力者が退職後もよく会っている。協力者の父、先輩の母親の話、食事や健康の話など。,,,,,,,
T002_018,T002,T002_018,飲食店で配偶者と昼食を取りながら,雑談,公共商業施設_飲食店,食事,家族,2016年,15,2,1,カフェで食事しながら夫婦で雑談。食事の話や今後のイベントの話など。,,,,,,,
T002_019,T002,T002_019,飲食店で仕事関係者と仕事の打合せ,用談・相談,公共商業施設_飲食店,仕事,仕事関係,2016年,19,2,1,協力者と共同で企画しているイベントなどについて打合せ。,valid,,,,,,
T003_003,T003,T003_003,食店で父母会役員の引き継ぎ,用談・相談,公共商業施設_飲食店,社会参加,友人知人,2016年,55,2,0,飲食店で、幼稚園のママ友(役員をしていた時の1学年下の仲間)と今年の幼稚園バザーの打合せ。協力者は経験者で、今回初めて担当するママ友にバザーの説明などをしてアドバイスをしている。,,,,,,,
T004_006,T004,T004_006,温熱療法施設で施術師と施術後の雑談,雑談,公共商業施設_商業施設,仕事・身の周りの用事,サービス場面関係,2016年,29,2,0,施術後に予約の話と合わせてよく世間話をする。協力者の両親と弟が住む熊本で地震があり、また弟が手術することになったため、協力者は熊本に帰省する予定である。こうした話が、予約日時とからめながら語られる。後半は水害など地震とは別の話。,,,,,,,
T004_016,T004,T004_016,配偶者と車で移動中,雑談,交通機関_車,移動,家族,2016年,13,2,0,外食後の帰宅途中。通り道の周りの町のことなど、とりとめなく話している。,test,,,,,,
T006_001,T006,T006_001,大学でサークル顧問の先生と雑談,雑談,学校,付き合い,先生生徒,2016年,28,2,1,先生(IC02)は合気道サークルの顧問で、協力者と仲がよい。2人は普段から大学の内外で研究学問の話や趣味の話などについてよく話す間柄である。協力者はプロレスが好きで、また中学時代に柔道をやっていたこともあり、その話題が会話の後半に展開される。,,,,,,,
T006_003,T006,T006_003,飲食店で友人と飲みながら,雑談,公共商業施設_飲食店,食事・付き合い,友人知人,2016年,15,2,0,2人は中学時代の同級生で、家も近く地元でよく会っている。テレビを見ながらそれを話題にしたり、手元でいじっているポケモンGOについて話すなど、とりとめのない話が続く。,,,,,,,
T006_005,T006,T006_005,自宅で友人と電話で雑談,雑談,自宅,付き合い,友人知人,2016年,38,2,0,会話相手の大学の同級生は全国をあちこち旅をしており、この時は石垣島に滞在中。電話で沖縄の話や映画の話などをしている。,,,,,,,
T006_009,T006,T006_009,飲食店で友人と夕食を取りながら,雑談,公共商業施設_飲食店,食事・付き合い,友人知人,2016年,14,2,1,中学時代の同級生とは家も近く地元でよく会っている。同級生(IC02)が韓国に行くため韓国がらみの話や、給料・税金の話など、とりとめのない話が続く。,,,,,,,
T007_004,T007,T007_004,実家で弟とテレビを見ながら,雑談,室内_実家,休息,家族,2016年,32,2,0,親の法要のため実家に帰省中。妹は翌日来る(その時の会話が[T007_006])。弟と居間でテレビを見ながら妹の帰省の予定や行く予定の温泉などについてとりとめもなく話している。,,,,,,,
T007_009,T007,T007_009,駐輪場事務所で同僚に業務の説明,用談・相談,職場,仕事,同僚,2016年,63,2,0,駐輪場とは別件のシルバーパスの更新受付の仕事をシルバー人材センターが請け負っており、その仕事に新たに(IC02)が従事することになったため、長年従事している協力者が仕事の詳細を説明している。,,,,,,,
T007_010,T007,T007_010,自宅で配偶者と夕食を取りながら,雑談,自宅,食事,家族,2016年,17,2,0,妻とテレビを見ながら夕食を食べている。食べ物の説明や、妻のその日の出来事、共通の知人の話題、テレビの内容などについて話をしている。,test,,,,,,
T007_016,T007,T007_016a,駐輪場事務所で同僚に業務の説明,用談・相談,職場,仕事,同僚,2016年,13,2,0,シルバー人材センターの仲間である。駐輪場の勤務状況や収支状況をまとめた月報をパソコンで入力する方法を協力者が(IC02)に教えている。,,,,,,,
T007_016,T007,T007_016b,駐輪場事務所で同僚に業務の説明,用談・相談,職場,仕事,同僚,2016年,15,2,0,シルバー人材センターの仲間である。駐輪場の勤務状況や収支状況をまとめた月報をパソコンで入力する方法を協力者が(IC02)に教えている。,,,,,,,
T008_003,T008,T008_003,自宅で配偶者と夜食を取りながら,雑談,自宅,食事,家族,2016年,11,2,0,夫と夜食にケーキを食べながらケーキや最近の出来事などについて雑談。2人とも甘いものが好きで、よくケーキなどを食べる。,,,,,,,
T008_004,T008,T008_004,自宅で配偶者と朝食を取りながら,雑談,自宅,食事,家族,2016年,13,2,0,朝食をとりながら夫と食事や近日の予定などについて雑談。,,,,,,,
T008_005,T008,T008_005a,事務所で友人と雑談,雑談,職場_相手の職場,付き合い・仕事,友人知人,2016年,8,2,0,協力者は仕事仲間の友人の個人事務所をたずね、おしゃべりをしている。友人は机に向かい仕事をしながら会話。友人とは仕事上、発注者と受注者という関係であるが、親しい間柄であり、協力者は仕事がなくても、時々、友人の事務所に遊びに来ている。,,,,,,,
T008_005,T008,T008_005b,事務所で友人と雑談,雑談,職場_相手の職場,付き合い・仕事,友人知人,2016年,10,2,1,協力者は仕事仲間の友人の個人事務所をたずね、おしゃべりをしている。友人は机に向かい仕事をしながら会話。友人とは仕事上、発注者と受注者という関係であるが、親しい間柄であり、協力者は仕事がなくても、時々、友人の事務所に遊びに来ている。,,,,,,,
T008_005,T008,T008_005c,事務所で友人と雑談,雑談,職場_相手の職場,付き合い・仕事,友人知人,2016年,8,2,0,協力者は仕事仲間の友人の個人事務所をたずね、おしゃべりをしている。友人は机に向かい仕事をしながら会話。友人とは仕事上、発注者と受注者という関係であるが、親しい間柄であり、協力者は仕事がなくても、時々、友人の事務所に遊びに来ている。,valid,,,,,,
T008_008,T008,T008_008,実家で母と夕食の準備および夕食,雑談,室内_実家,食事・家事雑事,家族,2016年,16,2,1,週末に実家に立ち寄り、世間話や近況報告などをしている。母は家事をしながら、協力者は軽く食事をしながら会話。協力者はよく実家を訪れてこのように母とおしゃべりをする。,,,,,,,
T008_009,T008,T008_009,自宅で配偶者と夜食後に雑談,雑談,自宅,休息,家族,2016年,16,2,0,帰宅後に夫とデザートを食べたあと、協力者の趣味のプロレスの話や協力者の仕事関連の話、共通の友人の話などをしている。,,,,,,,
T008_010,T008,T008_010,飲食店で仕事関係者と飲みながら,雑談,公共商業施設_飲食店,食事・付き合い,仕事関係,2016年,26,2,0,居酒屋のカウンターで、仕事関係の知人兼プライベートでの飲み仲間と、プロセス興行観戦後の打ち上げ。観戦した試合の感想や格闘技団体や選手のことなどについて話している。,,,,,,,
T008_011,T008,T008_011,飲食店で友人と夕食を取りながら,雑談,公共商業施設_飲食店,食事・付き合い,友人知人,2016年,9,2,0,仕事後に夕食を取っている。仕事上は発注者と受注者という関係であるが、親しい間柄であり、よく会って話をする。ここでは友人たちと知り合いの寿司屋に行った時の話などをしている。,,,,,,,
T008_013,T008,T008_013,自宅で配偶者と引き出物選び,用談・相談,自宅,家事雑事,家族,2016年,17,2,0,協力者が友人の結婚式に出席していただいた引き出物のカタログを見ながら、2人で相談して物を選んでいる。,,,,,,,
T008_014,T008,T008_014a,飲食店で友人と仕事しながら,雑談,公共商業施設_飲食店,仕事,仕事関係,2016年,5,2,0,喫茶店で友人と互いに仕事しつつ雑談。(IC03)とはフリーランス同士の仕事仲間で友人としても親しくしている。今回のように会うことも多い。話の内容は主に協力者の人間関係に関わるもの。,,,,,,,
T008_014,T008,T008_014b,飲食店で友人と仕事しながら,雑談,公共商業施設_飲食店,仕事,仕事関係,2016年,17,2,0,喫茶店で友人と互いに仕事しつつ雑談。(IC03)とはフリーランス同士の仕事仲間で友人としても親しくしている。今回のように会うことも多い。話の内容は主に協力者の人間関係に関わるもの。,,,,,,,
T008_019,T008,T008_019a,事務所で仕事関係者と昼食を取りながら,雑談,職場_相手の職場,付き合い,仕事関係,2016年,10,2,0,仕事関係者の事務所を訪問がてら仕事のお願いごと。後半で仕事のお願いをしているが、そのほかは映画や食べ物の話など雑談が中心。,,,,,,,
T008_019,T008,T008_019b,事務所で仕事関係者と昼食を取りながら,雑談,職場_相手の職場,付き合い,仕事関係,2016年,31,2,0,仕事関係者の事務所を訪問がてら仕事のお願いごと。後半で仕事のお願いをしているが、そのほかは映画や食べ物の話など雑談が中心。,,,,,,,
T008_020,T008,T008_020,公園で配偶者と散歩しながら,雑談,屋外,移動・レジャー活動,家族,2016年,7,2,0,夫と一緒に紅葉を見に公園に。ぶらりと歩きながら、とりとめもなくおしゃべりをしている。,,,,,,,
T008_021,T008,T008_021,実家で母と雑談,雑談,室内_実家,食事・休息,家族,2016年,20,2,0,実家に立ち寄り、祖母の話や協力者が飼っているペットの話、世間話や近況報告など。協力者は軽く食事をしながら母は家事をしたり本に目を通しながら会話。協力者はよく実家を訪れてこのように母とおしゃべりをする。,,,,,,,
T008_022,T008,T008_022a,飲食店で友人とお茶をしながら,雑談,公共商業施設_飲食店,付き合い,友人知人,2016年,13,2,0,(IC06)は仕事仲間で、友人としても親しくしており、よくおしゃべりをする。ここでは痛風や肥満などについて話している。,,,,,,,
T008_022,T008,T008_022b,飲食店で友人とお茶をしながら,雑談,公共商業施設_飲食店,付き合い,友人知人,2016年,2,2,0,(IC06)は仕事仲間で、友人としても親しくしており、よくおしゃべりをする。ここでは痛風や肥満などについて話している。,,,,,,,
T008_022,T008,T008_022c,飲食店で友人とお茶をしながら,雑談,公共商業施設_飲食店,付き合い,友人知人,2016年,9,2,0,(IC06)は仕事仲間で、友人としても親しくしており、よくおしゃべりをする。ここでは痛風や肥満などについて話している。,valid,,,,,,
T009_001,T009,T009_001,自宅で祖母とお茶をしながら,雑談,自宅,休息,家族,2016年,22,2,0,二世帯住宅で同居する祖母と、祖母の部屋でお茶を飲みながら祖母の1日の行動などについて雑談。飼い猫のコタロウもそばにいていたずらしている。コタロウは生後数ヶ月で飼い始めたばかり。,,,,,,,
T009_002,T009,T009_002,自宅で母とお茶をしながら,雑談,自宅,食事,家族,2016年,10,2,0,夜、帰宅後に、デザートを食べながら母と雑談。飼い猫のコタロウとじゃれながら会話。コタロウは生後数ヶ月で飼い始めたばかり。,,,,,,,
T009_003,T009,T009_003,飲食店で恋人と夕食を取りながら,雑談,公共商業施設_飲食店,食事・付き合い,友人知人,2016年,23,2,0,恋人と高尾山の山登りにいったあと、その帰りに居酒屋に寄って食事をしている。,,,,,,,
T009_005,T009,T009_005a,自宅で友人と雑談,雑談,自宅,食事,友人知人,2016年,8,2,0,家に泊まりにきた大学の親友と就寝前に雑談。2人とも就活中で就職の話や彼氏の話など、とりとめもなく話している。,,,,,,,
T009_005,T009,T009_005b,自宅で友人と雑談,雑談,自宅,食事,友人知人,2016年,4,2,0,家に泊まりにきた大学の親友と就寝前に雑談。2人とも就活中で就職の話や彼氏の話など、とりとめもなく話している。,,,,,,,
T009_015,T009,T009_015,飲食店で母と夕食を取りながら,雑談,公共商業施設_飲食店,食事,家族,2016年,22,2,0,大学祭の帰りにファミレスで母と食事しながら雑談。大学祭の話や料理の話など。,,,,,,,
T009_017,T009,T009_017,渓谷で恋人と散策,雑談,屋外,移動・レジャー活動,友人知人,2016年,23,2,1,恋人と渓谷を散策しながら、共通の友人の話や近況報告など。恋人とは一緒に高尾山に登るなど軽いアウトドアをすることがある。,,,,,,,
T009_021,T009,T009_021a,飲食店で後輩に役員の業務引き継ぎ,用談・相談,公共商業施設_飲食店,食事・課外活動,友人知人,2016年,11,2,0,大学祭が終わり次期執行部体制が決まったことから、業務を引き継ぐためにカフェでサークルの後輩と打合せ。相手は1学年下で協力者と同じ副代表となる。引き継ぎ資料を見ながら副代表の仕事などについて説明している。,valid,,,,,,
T009_021,T009,T009_021b,飲食店で後輩に役員の業務引き継ぎ,用談・相談,公共商業施設_飲食店,食事・課外活動,友人知人,2016年,38,2,0,大学祭が終わり次期執行部体制が決まったことから、業務を引き継ぐためにカフェでサークルの後輩と打合せ。相手は1学年下で協力者と同じ副代表となる。引き継ぎ資料を見ながら副代表の仕事などについて説明している。,,,,,,,
T009_022,T009,T009_022,飲食店で同僚と雑務や接客をしながら,用談・相談,職場,仕事,同僚,2016年,30,2,0,コーヒーショップのアルバイト中に豆の準備などしながら、アルバイトの先輩とコーヒーや健康の話など。奥の部屋に店長がいて少しだけ言葉をかわす。途中、何回か接客をする。,,,,,,,
T010_002,T010,T010_002a,自宅で母と夕食を取りながら,雑談,自宅,食事,家族,2016年,20,2,1,協力者は大学で日本語学を学んでおり、学習塾で教えている母と2人で言葉について語っている。,test,,,,,,
T010_002,T010,T010_002b,自宅で母と夕食を取りながら,雑談,自宅,食事,家族,2016年,20,2,0,協力者は大学で日本語学を学んでおり、学習塾で教えている母と2人で言葉について語っている。,,,,,,,
T010_005,T010,T010_005,自宅で友人とゲームしながら,雑談,自宅,レジャー活動,友人知人,2016年,33,2,0,2人でプロ野球の球団を運営するゲームをしている。チームに入れる選手を選んだり、他球団から獲得したり、選手獲得のためのスタッフを配置したりするゲームを、ビールを飲みながらプレイしている。ゲーム自体は割と古い。,,,,,,,
T010_007,T010,T010_007,飲食店で母校の教員と講座企画の打合せ,用談・相談,公共商業施設_飲食店,仕事・課外活動,先生生徒,2017年,18,2,0,母校の高校の選択科目として行なわれている講座に協力者は運営メンバーとして関わっており、講座の企画等について担当の教師と喫茶店で打合せ。講座は大学生の運営メンバー数名と担当教師で運営。授業自体は受講する高校生が主体的に関わる。運営スタッフの大学生はその高校の卒業生でないこともある。専門も様々で教職志望とは限らない。協力者は運営スタッフの中では年長で、今後の運営体制などについて悩みを抱えている。担当教師は高校時代の部活の顧問という関係でもある。,,,,,,,
T010_009,T010,T010_009,大学でゼミの先生と送別会について相談,用談・相談,学校,課外活動,先生生徒,2017年,23,2,1,大学の研究室でゼミの先生と4年生の送別会の企画等について相談。協力者は宴会部長をやっている。,,,,,,,
T010_013,T010,T010_013,飲食店で友人と夕食後に雑談,雑談,公共商業施設_飲食店,付き合い,友人知人,2017年,50,2,0,高校・大学で同級生の仲のよい友人と、人生観や悩みなどについて語り合う。高校では同じ野球部に所属しており、かなり仲がよい。,,,,,,,
T013_001,T013,T013_001,自宅で配偶者と夕食後に雑談,雑談,自宅,休息,家族,2016年,10,2,1,最近受講した年賀状の講習会や年末年始の予定などについて話している。,valid,,,,,,
T013_003,T013,T013_003,公園で配偶者と散歩しながら,雑談,屋外,移動・レジャー活動,家族,2016年,29,2,0,妻と一緒に公園周辺を散歩しながら、英語教育や家族のことについて雑談。妻は中学の英語教員で事情に詳しい。,,,,,,,
T013_005,T013,T013_005,自宅で配偶者と雑談,雑談,自宅,休息,家族,2016年,7,2,0,忘年会で飲んで帰宅したあと、妻と、その日のことや娘のことなどについて雑談している。,,,,,,,
T013_007,T013,T013_007,自宅で配偶者と雑談,雑談,自宅,休息,家族,2016年,6,2,0,年賀状や正月の準備などについて妻ととりとめもなく話している。年末年始に息子夫婦が孫を連れて帰省するため、その準備などについて。,,,,,,,
T013_017,T013,T013_017,飲食店で元同僚と飲みながら,雑談,公共商業施設_飲食店,食事・付き合い,元同僚,2017年,10,2,0,協力者が中学校の教員をしていた頃の同僚と久しぶりに再会し、当時の思い出話しなどをしている。協力者と同僚は支援学級をともに担当していた。,valid,,,,,,
T013_018,T013,T013_018,飲食店で元同僚と飲みながら,雑談,公共商業施設_飲食店,食事・付き合い,元同僚,2017年,30,2,0,会話[T013_017]の続きで音楽の話が中心。2人とも楽器をやっており音楽に詳しい。特に同僚はクラシックに造詣がある。,,,,,,,
T013_020,T013,T013_020,友人と車で移動中,雑談,交通機関_車,移動,友人知人,2017年,15,2,0,教育関係の研究会会場に向かう車の中でスキーなどの話をしている。相手(IC02)はもともとスポーツを通して知り合った友人だが、教育関係の研究会で最近よく会うようになった。,,,,,,,
T013_021,T013,T013_021,飲食店で先輩と飲みながら,雑談,公共商業施設_飲食店,食事・付き合い,友人知人,2017年,15,2,0,大学時代の同じ講座の仲のよい先輩と大学時代の思い出話し。協力者が途中、座を離れる時間がある。,test,,,,,,
T014_001,T014,T014_001a,自宅で配偶者と夕食を取りながら,雑談,自宅,食事,家族,2016年,4,2,0,夫と夕食を食べながら、またテレビを見ながら雑談。出張のことなど。ペットの犬も一緒。,,,,,,,
T014_001,T014,T014_001b,自宅で配偶者と夕食を取りながら,雑談,自宅,食事,家族,2016年,6,2,0,夫と夕食を食べながら、またテレビを見ながら雑談。出張のことなど。ペットの犬も一緒。,,,,,,,
T014_005,T014,T014_005a,自宅で配偶者にがん治療について質問,用談・相談,自宅,その他,家族,2016年,3,2,0,協力者は最近のがん治療について調べており、医者である夫に質問し、夫が説明している。,,,,,,,
T014_005,T014,T014_005b,自宅で配偶者にがん治療について質問,用談・相談,自宅,その他,家族,2016年,10,2,0,協力者は最近のがん治療について調べており、医者である夫に質問し、夫が説明している。,valid,,,,,,
T014_005,T014,T014_005c,自宅で配偶者にがん治療について質問,用談・相談,自宅,その他,家族,2016年,10,2,0,協力者は最近のがん治療について調べており、医者である夫に質問し、夫が説明している。,,,,,,,
T014_008,T014,T014_008,同僚宅で同僚と料理をしながら,雑談,室内_友人知人宅,家事雑事,同僚,2017年,28,2,0,同僚でかつ親しい友人の自宅を訪問し夕食の準備をしながら雑談している。,test,,,,,,
T014_010,T014,T014_010a,同僚と車で移動中,雑談,交通機関_車,移動,同僚,2017年,15,2,0,同僚で親しい友人と一緒に車で買物に行く途中の会話。,,,,,,,
T014_010,T014,T014_010b,同僚と車で移動中,雑談,交通機関_車,移動,同僚,2017年,9,2,0,同僚で親しい友人と一緒に車で買物に行く途中の会話。,,,,,,,
T014_011,T014,T014_011a,病院で元上司に仕事の相談,用談・相談,職場,仕事・その他,元同僚,2017年,10,2,0,協力者は、病院スタッフを対象にして、リフレクソロジーを福利厚生の一貫として行なう仕事を軌道に載せたいと考えている。今後の進め方などについて経験豊富な元上司(現在は退職したのちパートで勤務)に相談している。,,,,,,,
T014_011,T014,T014_011b,病院で元上司に仕事の相談,用談・相談,職場,仕事・その他,元同僚,2017年,25,2,0,協力者は、病院スタッフを対象にして、リフレクソロジーを福利厚生の一貫として行なう仕事を軌道に載せたいと考えている。今後の進め方などについて経験豊富な元上司(現在は退職したのちパートで勤務)に相談している。,,,,,,,
T014_012,T014,T014_012,自営サロンで同僚に施術前の問診,用談・相談,職場,仕事・身の周りの用事,同僚,2017年,19,2,0,同僚の病院スタッフが自営セラピーサロンにフェイシャルリフレクソロジーを受けに来た際の会話。施術前のコンサルテーションとして体調などについてたずねている。同僚には過去に勤務先の病院で施術をしたことがあるが、今回、初めて自営のサロンのお客さんとして対応している。,,,,,,,
T014_016,T014,T014_016,飲食店で友人と昼食を取りながら,雑談,公共商業施設_飲食店,食事・付き合い,友人知人,2017年,21,2,0,中国茶教室に友人と一緒に通っており、その教室のあとランチをしながら教室のことや友人の子どものことなどについて話している。,valid,,,,,,
T014_018,T014,T014_018,友人宅で友人とケーキを作りながら,用談・相談,室内_友人知人宅,家事雑事・その他,友人知人,2017年,70,2,0,お菓子作りが上手な友人にお菓子作りを教えてもらっている。協力者はお菓子作りは初心者である。,,,,,,,
T015_003,T015,T015_003,会社の応接室で取引先と仕事の打合せ,会議・会合,職場,仕事,仕事関係,2017年,16,2,1,(IC02)は協力者と同業者だが、協力者の会社に一部の業務をアウトソーシングしていた。協力者の会社が業務の一部をやめることに伴い、(IC02)は新たな外注先を探しており、協力者に相談している。,,,,,,,
T015_008,T015,T015_008a,床屋で理容師と雑談,雑談,公共商業施設_商業施設,仕事・身の周りの用事,サービス場面関係,2017年,30,2,1,行きつけの理髪店で、店主は中学の同級生でもあり仲がよい。同級生や地元、商店街の話など。会話のないシャンプー洗い流し・髭剃りの前が会話a、そのあとが会話b。,,,,,,,
T015_008,T015,T015_008b,床屋で理容師と雑談,雑談,公共商業施設_商業施設,仕事・身の周りの用事,サービス場面関係,2017年,12,2,0,行きつけの理髪店で、店主は中学の同級生でもあり仲がよい。同級生や地元、商店街の話など。会話のないシャンプー洗い流し・髭剃りの前が会話a、そのあとが会話b。,,,,,,,
T015_010,T015,T015_010,飲食店で店主に取材しながら,用談・相談,職場_相手の職場,仕事,仕事関係,2017年,18,2,1,商店街のフリーペーパーのために飲食店の店主に取材。冒頭で協力者は料理の写真を撮り、そのあと店主にお店や料理などについてインタビューをしている。最後に店主からショップカード作成の依頼を受ける。協力者と店主は商店街の顔馴染みで、協力者は時々お店を利用することもある。,,,,,,,
T015_012,T015,T015_012a,飲食店で息子と夕食を取りながら,雑談,公共商業施設_飲食店,食事,家族,2017年,8,2,0,息子と焼き肉を食べながら雑談。前半は直前に開催された息子の中学の運動会について。息子は陸上部に所属しており、協力者もかつて陸上をやっていたことからリレーの話が中心。後半は息子がはまっている映画の話。息子に付き合って映画を見るうちに協力者も映画に詳しくなった。,test,,,,,,
T015_012,T015,T015_012b,飲食店で息子と夕食を取りながら,雑談,公共商業施設_飲食店,食事,家族,2017年,23,2,0,息子と焼き肉を食べながら雑談。前半は直前に開催された息子の中学の運動会について。息子は陸上部に所属しており、協力者もかつて陸上をやっていたことからリレーの話が中心。後半は息子がはまっている映画の話。息子に付き合って映画を見るうちに協力者も映画に詳しくなった。,,,,,,,
T015_014,T015,T015_014,飲食店でボーイスカウトの先輩と夕食を取りながら,雑談,公共商業施設_飲食店,食事・付き合い,友人知人,2017年,12,2,0,会話相手(IC02)は、ボーイスカウトの大先輩にあたり、仕事でも取り引きがある。場所は、(IC02)の行きつけの寿司屋。ボーイスカウトの仲間のことなどについて話している。,,,,,,,
T016_003,T016,T016_003,自宅で配偶者と夕食後の雑談,雑談,自宅,休息,家族,2017年,29,2,0,PC・タブレット端末の簡単な操作をしながら夫婦で話をしている。今日あったことの報告をきっかけに、夫婦ともに従事している出版関係の仕事に関してくだけた雰囲気で話している。,,,,,,,
T016_005,T016,T016_005,自宅で息子と朝食を取りながら,雑談,自宅,食事・家事雑事,家族,2017年,16,2,0,ほかの家族がまだ眠っているため、先に起きた協力者と次男が2人で朝食を食べている。食事の面倒を見たり、食事マナーについてそれとなく教えたりしている。そのほか、幼稚園ではやっている言葉やウルトラマンについて、食べ物の好き嫌いなどについて話している。,test,,,,,,
T016_006,T016,T016_006a,自宅で配偶者と夕食を取りながら,雑談,自宅,食事,家族,2017年,33,2,0,夫婦で食事や飲酒しながらのんびり会話している。主に利き手について話しており、家族の利き手や利き手に合わせた日用品のデザインなどについてジェスチャーを交えて話している。その他、収録日の昼に子どもがプールで遊んでいた様子などを話している。,,,,,,,
T016_006,T016,T016_006b,自宅で配偶者と夕食を取りながら,雑談,自宅,食事,家族,2017年,16,2,0,夫婦で食事や飲酒しながらのんびり会話している。主に利き手について話しており、家族の利き手や利き手に合わせた日用品のデザインなどについてジェスチャーを交えて話している。その他、収録日の昼に子どもがプールで遊んでいた様子などを話している。,,,,,,,
T017_006,T017,T017_006,自宅で友人と料理を作りながら,用談・相談,自宅,食事・家事雑事,友人知人,2017年,54,2,0,同じ日本語教育養成講座を受けている仲のよい中国人の友人が模擬授業のための教材の準備で自宅にきた。その相談をしつつ、餃子の作り方を教えてもらい、作った餃子を一緒に食べながら雑談。,,,,,,,
T017_012,T017,T017_012,自宅で保険会社の担当者と保険更新の手続き,用談・相談,自宅,仕事・家事雑事,サービス場面関係,2017年,16,2,0,保険会社の担当者が協力者の自宅に来て、協力者の火災保険の更新について説明をしている。保険会社の人は協力者を長く担当しており協力者と親しいが、自宅に来るのは今回が初めて。,valid,,,,,,
T017_016,T017,T017_016,自宅で妹と雑談,雑談,自宅,休息,家族,2017年,13,2,0,お彼岸に合わせて妹が久しぶりに帰省。家族の話や仕事の話など。,,,,,,,
T017_017,T017,T017_017,飲食店で妹と夕食を取りながら,雑談,公共商業施設_飲食店,食事,家族,2017年,20,2,0,会話[T017_016]のあと、家から出て外食。買い物や料理などについて雑談。,,,,,,,
T017_018,T017,T017_018,カラオケボックスで友人と軽食を取りながら,雑談,公共商業施設_飲食店,食事・付き合い,友人知人,2017年,17,2,0,久しぶりに会った大学時代の親しい友人ととカラオケボックスで食事しながら雑談。互いの近況や学友の近況などについて話している。,test,,,,,,
T018_017,T018,T018_017,自宅で友人と雑談,雑談,自宅,付き合い,友人知人,2017年,13,2,0,行きつけのとんかつ屋で知り合った仲のよい友人と雑談。協力者が最近行ったフィリピン留学の話や友人の趣味の音楽活動の話など。,test,,,,,,
T018_021,T018,T018_021,自宅で友人と雑談,雑談,自宅,付き合い,友人知人,2017年,29,2,0,友人は協力者がかつて習っていた空手の先生だが、協力者が空手をやめたあとは友人付き合いをしており、よく自宅にきて話をする。ここでは友人の仕事の搬送業の話や最近行なっている猫保護の取り組み、最近の教育、協力者の近況などについて話している。,,,,,,,
T018_022,T018,T018_022,塾で友人の息子に受験勉強についてアドバイス,用談・相談,職場,仕事・課外活動,先生生徒,2017年,23,2,0,仕事場の塾で友人の受験生の息子にアドバイス。友人に頼まれ、定期的に会って受験の話やアドバイスなどをしている。友人の息子は普段から口数が少ない。,,,,,,,
T019_008,T019,T019_008a,美容院で美容師と雑談,雑談,公共商業施設_商業施設,仕事・身の周りの用事,サービス場面関係,2017年,14,2,0,月一回行く行きつけの美容室で髪を切りながら、カメラについてやペットの話、海外の話など。,,,,,,,
T019_008,T019,T019_008b,美容院で美容師と雑談,雑談,公共商業施設_商業施設,仕事・身の周りの用事,サービス場面関係,2017年,10,2,0,月一回行く行きつけの美容室で髪を切りながら、カメラについてやペットの話、海外の話など。,,,,,,,
T019_011,T019,T019_011a,自宅で配偶者と夏休みの予定について相談,用談・相談,自宅,その他,家族,2018年,10,2,0,妻とお酒を飲みながら夏休みの旅行について話す。旅先や航空会社等の話。,,,,,,,
T019_011,T019,T019_011b,自宅で配偶者と夏休みの予定について相談,用談・相談,自宅,その他,家族,2018年,13,2,0,妻とお酒を飲みながら夏休みの旅行について話す。旅先や航空会社等の話。,,,,,,,
T019_016,T019,T019_016,自宅で息子の宿題を見ながら,用談・相談,自宅,家事雑事・課外活動,家族,2018年,39,2,0,次男が宿題をしているのを見ている。主に算数を教えている。,test,,,,,,
T020_003,T020,T020_003,職員室で同僚と修学旅行の下見について相談,用談・相談,職場,仕事,同僚,2017年,7,2,0,修学旅行の下見について経路や滞在時間などについて細かく話している。,,,,,,,
T020_006,T020,T020_006,高校の打合せ室で生徒に小論文指導,授業・レッスン,職場,仕事・学業,先生生徒,2017年,13,2,0,生徒の書いた小論文を読み、以前より改善されたところなどを指摘しながら、アドバイスしている。,,,,,,,
T020_007,T020,T020_007,職員室で同僚と国語科の指導内容について相談,用談・相談,職場,仕事,同僚,2017年,15,2,0,国語科の指導内容について古典文法の指導の順番などを相談している。,,,,,,,
T020_008,T020,T020_008,高校のコピー室で同僚たちと資料を印刷しながら,雑談,職場,仕事,同僚,2017年,15,2,0,勤務先のコピー室で修学旅行の資料を印刷しながら、同僚と旅行の予定や通信簿のことなどについて雑談している。印刷機の調子が悪く、印刷をあきらめたが、後からきた先生が解決してくれる。,test,,,,,,
T020_009,T020,T020_009,高校の打合せ室で同僚と資料を揃えながら,雑談,職場,仕事,同僚,2017年,18,2,0,勤務先の打合せ室で印刷した修学旅行用の資料を揃える作業をしている。教職員の飲み会での余興のことや、学生時代のアルバイトのことなどを話している。,,,,,,,
T020_010,T020,T020_010a,実家で妹と雑談,雑談,室内_実家,休息,家族,2017年,6,2,0,家族が久しぶりに集まる食事会の前。妹の恋人の転職の話や協力者が行った旅行の話(会話a、会話b)、お互いの友人のことや飲みに行って酔っ払って帰ってきた話(会話c)などをしている。会話dでは、母と協力者の妻も会話に加わり、妹が協力者の娘たちに買ってあげたクリスマスプレゼントやプレゼントを買いに行った時のことなどを話している。,,,,,,,
T020_010,T020,T020_010b,実家で妹と雑談,雑談,室内_実家,休息,家族,2017年,4,2,0,家族が久しぶりに集まる食事会の前。妹の恋人の転職の話や協力者が行った旅行の話(会話a、会話b)、お互いの友人のことや飲みに行って酔っ払って帰ってきた話(会話c)などをしている。会話dでは、母と協力者の妻も会話に加わり、妹が協力者の娘たちに買ってあげたクリスマスプレゼントやプレゼントを買いに行った時のことなどを話している。,,,,,,,
T020_010,T020,T020_010c,実家で妹と雑談,雑談,室内_実家,休息,家族,2017年,10,2,0,家族が久しぶりに集まる食事会の前。妹の恋人の転職の話や協力者が行った旅行の話(会話a、会話b)、お互いの友人のことや飲みに行って酔っ払って帰ってきた話(会話c)などをしている。会話dでは、母と協力者の妻も会話に加わり、妹が協力者の娘たちに買ってあげたクリスマスプレゼントやプレゼントを買いに行った時のことなどを話している。,,,,,,,
T020_022,T020,T020_022a,美容院で美容師と雑談,雑談,公共商業施設_商業施設,仕事・身の周りの用事,サービス場面関係,2018年,8,2,0,以前から利用している美容院の美容師。髪型のことを話したあと、シャンプーしながら、大雪の日のことや運転免許試験のこと(会話a)、髪型の話、中目黒のイルミネーションのこと(会話b)、サッカーのこと(会話c)、髪型のこと、最近の若者の考え方について(会話d)などを話している。,valid,,,,,,
T020_022,T020,T020_022b,美容院で美容師と雑談,雑談,公共商業施設_商業施設,仕事・身の周りの用事,サービス場面関係,2018年,7,2,0,以前から利用している美容院の美容師。髪型のことを話したあと、シャンプーしながら、大雪の日のことや運転免許試験のこと(会話a)、髪型の話、中目黒のイルミネーションのこと(会話b)、サッカーのこと(会話c)、髪型のこと、最近の若者の考え方について(会話d)などを話している。,,,,,,,
T020_022,T020,T020_022c,美容院で美容師と雑談,雑談,公共商業施設_商業施設,仕事・身の周りの用事,サービス場面関係,2018年,8,2,0,以前から利用している美容院の美容師。髪型のことを話したあと、シャンプーしながら、大雪の日のことや運転免許試験のこと(会話a)、髪型の話、中目黒のイルミネーションのこと(会話b)、サッカーのこと(会話c)、髪型のこと、最近の若者の考え方について(会話d)などを話している。,,,,,,,
T020_022,T020,T020_022d,美容院で美容師と雑談,雑談,公共商業施設_商業施設,仕事・身の周りの用事,サービス場面関係,2018年,19,2,0,以前から利用している美容院の美容師。髪型のことを話したあと、シャンプーしながら、大雪の日のことや運転免許試験のこと(会話a)、髪型の話、中目黒のイルミネーションのこと(会話b)、サッカーのこと(会話c)、髪型のこと、最近の若者の考え方について(会話d)などを話している。,,,,,,,
T021_002,T021,T021_002,自宅で友人とお茶をしながら,雑談,自宅,食事・付き合い,友人知人,2017年,20,2,0,親しい友人とお茶を飲みながら雑談。友人とは合唱サークルの練習のため毎週会う。サークルの冠婚葬祭の不祝儀のことや、協力者が集めてきた焼き物のこと、お互いの仕事のことなどを話している。,,,,,,,
T021_003,T021,T021_003,自宅で息子と雑談,雑談,自宅,食事,家族,2017年,16,2,0,長男が久しぶりに訪ねてきた。近況報告、年賀状注文などについて話している。,test,,,,,,
T021_005,T021,T021_005,自宅で友人とお茶をしながら,雑談,自宅,食事・付き合い,友人知人,2017年,21,2,0,友人は以前の職場の同僚で、年に1回ぐらい訪ねて来る。クリスマスプレゼントの交換、食べ物の話、転勤の話、北海道のこと、元の職場のことなど、様々なことを話している。,,,,,,,
T021_006,T021,T021_006,印刷会社で社長と印刷物について打合せ,用談・相談,職場_相手の職場,仕事,仕事関係,2017年,23,2,0,付き合いのある地元の印刷会社社長[[T015]]と印刷物依頼の打合せをし、地元の共通の知人のこと、葬儀場のこと、パソコンソフトのことなど、様々なことについて話している。,,,,,,,
T021_007,T021,T021_007,自宅で孫と雑談,雑談,自宅,休息,家族,2017年,5,2,0,比較的近所に住む孫(長男の娘)は月に1回程度泊まりに来る。中学受験のことや制服のことなどを話している。,,,,,,,
T021_011,T021,T021_011a,美容院で美容師と雑談,雑談,公共商業施設_商業施設,食事・身の周りの用事,サービス場面関係,2018年,14,2,0,10年程度担当してもらっている美容師。カット中の雑談。会話aでは、AIロボット、紅白歌合戦、髪型のこと、沖縄旅行の予定などについて話している。会話bでは、辞めた美容師、沖縄、美容師の帰省のこと、親子関係のことなどを話している。,,,,,,,
T021_011,T021,T021_011b,美容院で美容師と雑談,雑談,公共商業施設_商業施設,食事・身の周りの用事,サービス場面関係,2018年,12,2,0,10年程度担当してもらっている美容師。カット中の雑談。会話aでは、AIロボット、紅白歌合戦、髪型のこと、沖縄旅行の予定などについて話している。会話bでは、辞めた美容師、沖縄、美容師の帰省のこと、親子関係のことなどを話している。,,,,,,,
T021_014,T021,T021_014,自宅で配偶者と夕食を取りながら,雑談,自宅,食事,家族,2018年,43,2,0,友人の墓参り一泊旅行から戻り、お土産の餃子で夕食をとりながら報告をしている。亡くなった同郷の友人の奥さんと話したことやお土産に餃子をたくさんもたせてもらったこと、今回のお墓参りで協力者が感じたことなど。,,,,,,,
T021_016,T021,T021_016,自宅で親戚とお茶をしながら,雑談,自宅,食事・付き合い,親戚,2018年,38,2,0,夫のいとこの妻で月に数回会う間柄。食器、ストーブ、協力者が関わる市民講座のこと、習い事のこと、協力者のお墓参り一泊旅行のこと、協力者の夫のことなどを話している。,,,,,,,
T022_003,T022,T022_003,自宅で恋人と夕食を取りながら,雑談,自宅,食事,友人知人,2018年,17,2,0,TVを見ながら、その日の出来事や最近話題になっているニュースなどについて話している。,valid,,,,,,
T022_005,T022,T022_005,旅行帰りの列車内で恋人と雑談,雑談,交通機関_電車,移動,友人知人,2018年,16,2,0,夕飯に何を食べるかということや、スマートフォンを見ながら購入を検討している車のことなどについて話している。,,,,,,,
T022_007,T022,T022_007a,自宅からオンラインで友人と雑談,雑談,自宅,付き合い,友人知人,2018年,15,2,0,3ヶ月に1回程度連絡をとる高校時代の友人とオンライン会話システム(スカイプ)を使って雑談。会話aでは、高校時代の同級生など共通の友人と会ったことや、近況や、第九を合唱するメンバーのことなどについて話している。会話bでは、共通の友人のこと、昔の知り合いに最近連絡をとったこと、授業のことなどについて話している。,,,,,,,
T022_007,T022,T022_007b,自宅からオンラインで友人と雑談,雑談,自宅,付き合い,友人知人,2018年,14,2,0,3ヶ月に1回程度連絡をとる高校時代の友人とオンライン会話システム(スカイプ)を使って雑談。会話aでは、高校時代の同級生など共通の友人と会ったことや、近況や、第九を合唱するメンバーのことなどについて話している。会話bでは、共通の友人のこと、昔の知り合いに最近連絡をとったこと、授業のことなどについて話している。,,,,,,,
T022_009,T022,T022_009,自宅で恋人と夕食を取りながら,雑談,自宅,食事,友人知人,2018年,33,2,0,料理のこと、食材のこと、友人のこと、見ているTV番組に出ている人やニュース、場所のこと、持っている靴の色のことなどについて話している。,,,,,,,
T022_015,T022,T022_015,飲食店で友人と誕生日会,雑談,公共商業施設_飲食店,食事・付き合い,友人知人,2018年,11,2,0,居酒屋で大学時代の親友の誕生日会。パートナーのこと、共通の友人のオペラのことなどについて話している。,test,,,,,,
T022_017,T022,T022_017a,美容院で美容師と雑談,雑談,公共商業施設_商業施設,仕事・身の周りの用事,サービス場面関係,2018年,16,2,0,7、8年通っている美容院。3ヶ月に1回ぐらい行く。会話aでは、髪型のこと、髪の性質のこと、仕事のこと、友人が遊びに来ること、会話bでは、友人が遊びに来る時の予定、劇団四季のこと、ミュージカルのことなどを話している。,,,,,,,
T022_017,T022,T022_017b,美容院で美容師と雑談,雑談,公共商業施設_商業施設,仕事・身の周りの用事,サービス場面関係,2018年,9,2,0,7、8年通っている美容院。3ヶ月に1回ぐらい行く。会話aでは、髪型のこと、髪の性質のこと、仕事のこと、友人が遊びに来ること、会話bでは、友人が遊びに来る時の予定、劇団四季のこと、ミュージカルのことなどを話している。,,,,,,,
T023_001,T023,T023_001,自宅で配偶者と雑談,雑談,自宅,休息,家族,2018年,21,2,0,今日開催される長女の息子のお食い初めの集まりのことや、先日妻が関わった呈茶について話している。,,,,,,,
T023_007,T023,T023_007,自宅で友人と雑談,雑談,自宅,付き合い,友人知人,2018年,25,2,0,20年前に出向していた会社の上司と再会。上司とは何十年も会っていなかった。戸建の管理のことや、日本の相続問題のことなどを話している。,,,,,,,
T023_013,T023,T023_013,配偶者と車で移動中,雑談,交通機関_車,移動,家族,2018年,16,2,0,旅行の途中の車内である。昔の同僚に会いに行く計画のことや、昔の同僚たちとゴルフ旅行に行く話、格安航空運賃のことなどを話している。,test,,,,,,
T023_017,T023,T023_017,元同僚と車で移動中,雑談,交通機関_車,移動,元同僚,2018年,22,2,0,車でゴルフに向かう途中の会話。渋滞している状況のこと、転職した元同僚のこと、アメリカにいるおいの就職のこと、いろいろな元同僚のことなどを話している。,,,,,,,
T023_020,T023,T023_020,飲食店で友人と飲みながら,雑談,公共商業施設_飲食店,食事・付き合い,友人知人,2018年,21,2,0,2年前に八丈島で知り合った友人と一年ぶりの再会である。娘一家が出産で泊まりに来ていたこと、アメリカにいる妹家族のこと、スマホのこと、お酒のこと、釣りやカラオケのことなど様々なことを話している。,,,,,,,
T024_008,T024,T024_008,飲食店で同僚と飲みながら,雑談,公共商業施設_飲食店,食事・付き合い,同僚,2018年,37,2,0,友人である同僚と居酒屋で食事をしながら雑談している。同僚とは年に一度程度このような機会をもつ。子どもの進学する学部のこと、出身地のこと、出張で行った九州のことなどを話している。,,,,,,,
W003_002,W003,W003_002,研究機関で中学生たちが昼食を取りながら,雑談,公共商業施設_公共施設,食事,友人知人,2019年,8,2,0,研究機関が主催する講義に参加した後、生徒たちが昼食を食べている。集合写真についてやこのあとの行程について話している。会話[W003_001]の講義のあと。,,,,,,,
W007_002,W007,W007_002,飲食店で撮影の打合せ,会議・会合,公共商業施設_飲食店,仕事,仕事関係,2020年,32,2,0,カフェで同業者が仕事の打合せ。2人は映像関係の仕事をしており、共同で仕事をすることが多い。(IC02)が上司・先輩、(IC01)が部下・後輩のような立場。(IC02)が単独で長期取材をしている合唱団の教会でのコンサートを収録することになり、(IC02)にカメラマンとしての参加を依頼してあった。ここでは、その撮影の仕方や機材の準備について話している。,,,,,,,
W009_002,W009,W009_002a,自宅で母・娘が雑談,雑談,自宅,休息,家族,2020年,17,2,0,会話aでは、スヌーピーミュージアム、スヌーピーのキャラクターの名前の話、会話bでは、フランス語文法の話をしている。,test,,,,,,
W009_002,W009,W009_002b,自宅で母・娘が雑談,雑談,自宅,休息,家族,2020年,25,2,0,会話aでは、スヌーピーミュージアム、スヌーピーのキャラクターの名前の話、会話bでは、フランス語文法の話をしている。,,,,,,,
W010_001,W010,W010_001a,事務所で書籍出版について打合せ,会議・会合,職場,仕事,仕事関係,2020年,35,2,0,2人は学生時代からの知り合いで、お互いに国語辞典に関する幅広い知識をもっている。話し合いをしている書籍も辞典に関するものである。そのため会話では辞典に関する用語が頻出する。話し合いの内容は、書籍のイラストを誰に描いてもらうかや、見出し語の選定等。,,,,,,,
W010_001,W010,W010_001b,事務所で書籍出版について打合せ,会議・会合,職場,仕事,仕事関係,2020年,13,2,0,2人は学生時代からの知り合いで、お互いに国語辞典に関する幅広い知識をもっている。話し合いをしている書籍も辞典に関するものである。そのため会話では辞典に関する用語が頻出する。話し合いの内容は、書籍のイラストを誰に描いてもらうかや、見出し語の選定等。,test,,,,,,